{
  "AE-AZ": "Abū Z̧aby",
  "AE-DU": "Dubayy",
  "AE-FU": "Al Fujayrah",
  "AE-RK": "Ra's al Khaymah",
  "AE-SH": "Ash Shāriqah",
  "AF-BAL": "Balkh",
  "AF-BDS": "Badakhshān",
  "AF-FYB": "Fāryāb",
  "AF-HER": "Herāt",
  "AF-KAB": "Kābul",
  "AF-KAN": "Kandahār",
  "AF-KHO": "Khōst",
  "AF-TAK": "Takhār",
  "AG-03": "Saint George",
  "AG-10": "Barbuda",
  "AI-U-A": "AI-U-A",
  "AL-02": "Durrës",
  "AM-ER": "Erevan",
  "AM-SH": "Širak",
  "AO-BGU": "Benguela",
  "AO-CAB": "Cabinda",
  "AO-CCU": "Kuando Kubango",
  "AO-CNN": "Cunene",
  "AO-HUA": "Huambo",
  "AO-HUI": "Huíla",
  "AO-LNO": "Lunda Norte",
  "AO-LUA": "Luanda",
  "AO-MAL": "Malange",
  "AO-NAM": "Namibe",
  "AO-UIG": "Uíge",
  "AO-ZAI": "Zaire",
  "AQ-U-A": "AQ-U-A",
  "AR-A": "Salta",
  "AR-B": "Buenos Aires",
  "AR-C": "Ciudad Autónoma de Buenos Aires",
  "AR-D": "San Luis",
  "AR-E": "Entre Ríos",
  "AR-F": "La Rioja",
  "AR-G": "Santiago del Estero",
  "AR-H": "Chaco",
  "AR-J": "San Juan",
  "AR-K": "Catamarca",
  "AR-L": "La Pampa",
  "AR-M": "Mendoza",
  "AR-N": "Misiones",
  "AR-P": "Formosa",
  "AR-Q": "Neuquén",
  "AR-R": "Río Negro",
  "AR-S": "Santa Fe",
  "AR-T": "Tucumán",
  "AR-U": "Chubut",
  "AR-V": "Tierra del Fuego",
  "AR-W": "Corrientes",
  "AR-X": "Córdoba",
  "AR-Y": "Jujuy",
  "AR-Z": "Santa Cruz",
  "AS-MA": "AS-MA",
  "AS-WT": "AS-WT",
  "AT-2": "Kärnten",
  "AT-4": "Oberösterreich",
  "AT-5": "Salzburg",
  "AT-6": "Steiermark",
  "AT-7": "Tirol",
  "AT-9": "Wien",
  "AU-ACT": "Australian Capital Territory",
  "AU-NSW": "New South Wales",
  "AU-NT": "Northern Territory",
  "AU-QLD": "Queensland",
  "AU-SA": "South Australia",
  "AU-TAS": "Tasmania",
  "AU-VIC": "Victoria",
  "AU-WA": "Western Australia",
  "AW-U-A": "AW-U-A",
  "AZ-BA": "Bakı",
  "AZ-GA": "Gәncә",
  "AZ-LA": "Lәnkәran",
  "AZ-NX": "Naxçıvan",
  "AZ-QAB": "Qәbәlә",
  "BA-BIH": "Federacija Bosne i Hercegovine",
  "BA-SRP": "Republika Srpska",
  "BB-01": "Christ Church",
  "BD-1": "BD-1",
  "BD-2": "BD-2",
  "BD-3": "BD-3",
  "BD-4": "BD-4",
  "BD-5": "BD-5",
  "BD-6": "BD-6",
  "BE-VAN": "Antwerpen",
  "BE-VBR": "Vlaams-Brabant",
  "BE-VWV": "West-Vlaanderen",
  "BE-WHT": "Hainaut",
  "BE-WLG": "Liège",
  "BF-HOU": "Houet",
  "BF-KAD": "Kadiogo",
  "BG-02": "Burgas",
  "BG-03": "Varna",
  "BG-16": "Plovdiv",
  "BG-22": "Sofia",
  "BH-15": "Al Muḩarraq",
  "BI-BM": "Bujumbura Mairie",
  "BI-KI": "Kirundo",
  "BJ-AQ": "Atlantique",
  "BL-U-A": "BL-U-A",
  "BM-U-A": "BM-U-A",
  "BN-BE": "Belait",
  "BN-BM": "Brunei-Muara",
  "BO-B": "El Beni",
  "BO-C": "Cochabamba",
  "BO-H": "Chuquisaca",
  "BO-L": "La Paz",
  "BO-N": "Pando",
  "BO-P": "Potosí",
  "BO-S": "Santa Cruz",
  "BO-T": "Tarija",
  "BQ-BO": "Bonaire",
  "BQ-SA": "Saba",
  "BQ-SE": "Sint Eustatius",
  "BR-AC": "Acre",
  "BR-AL": "Alagoas",
  "BR-AM": "Amazonas",
  "BR-AP": "Amapá",
  "BR-BA": "Bahia",
  "BR-CE": "Ceará",
  "BR-DF": "Distrito Federal",
  "BR-ES": "Espírito Santo",
  "BR-GO": "Goiás",
  "BR-MA": "Maranhão",
  "BR-MG": "Minas Gerais",
  "BR-MS": "Mato Grosso do Sul",
  "BR-MT": "Mato Grosso",
  "BR-PA": "Pará",
  "BR-PB": "Paraíba",
  "BR-PE": "Pernambuco",
  "BR-PI": "Piauí",
  "BR-PR": "Paraná",
  "BR-RJ": "Rio de Janeiro",
  "BR-RN": "Rio Grande do Norte",
  "BR-RO": "Rondônia",
  "BR-RR": "Roraima",
  "BR-RS": "Rio Grande do Sul",
  "BR-SC": "Santa Catarina",
  "BR-SE": "Sergipe",
  "BR-SP": "São Paulo",
  "BR-TO": "Tocantins",
  "BS-AK": "Acklins",
  "BS-BI": "Bimini",
  "BS-CE": "Central Eleuthera",
  "BS-CI": "Cat Island",
  "BS-CK": "Crooked Island and Long Cay",
  "BS-CO": "Central Abaco",
  "BS-EX": "Exuma",
  "BS-FP": "City of Freeport",
  "BS-HI": "Harbour Island",
  "BS-IN": "Inagua",
  "BS-LI": "Long Island",
  "BS-MG": "Mayaguana",
  "BS-NP": "BS-NP",
  "BS-NS": "North Andros",
  "BS-SA": "South Andros",
  "BS-SS": "San Salvador",
  "BT-11": "Paro",
  "BT-33": "Bumthang",
  "BT-41": "Trashigang",
  "BW-CH": "Chobe",
  "BW-FR": "Francistown",
  "BW-GA": "Gaborone",
  "BW-NW": "North West",
  "BY-BR": "Bresckaja voblasć",
  "BY-HO": "Gomel'skaja oblast'",
  "BY-MA": "Mahilioŭskaja voblasć",
  "BY-MI": "Minskaja oblast'",
  "BZ-BZ": "Belize",
  "BZ-CY": "Cayo",
  "BZ-CZL": "Corozal",
  "BZ-OW": "Orange Walk",
  "BZ-SC": "Stann Creek",
  "BZ-TOL": "Toledo",
  "CA-AB": "Alberta",
  "CA-BC": "British Columbia",
  "CA-MB": "Manitoba",
  "CA-NB": "New Brunswick",
  "CA-NL": "Newfoundland and Labrador",
  "CA-NS": "Nova Scotia",
  "CA-NT": "Northwest Territories",
  "CA-NU": "Nunavut",
  "CA-ON": "Ontario",
  "CA-PE": "Prince Edward Island",
  "CA-QC": "Quebec",
  "CA-SK": "Saskatchewan",
  "CA-YT": "Yukon",
  "CC-U-A": "CC-U-A",
  "CD-EQ": "Équateur",
  "CD-HK": "CD-HK",
  "CD-HL": "CD-HL",
  "CD-HU": "CD-HU",
  "CD-IT": "CD-IT",
  "CD-KC": "CD-KC",
  "CD-KE": "Kasai-Oriental",
  "CD-KL": "CD-KL",
  "CD-KN": "Kinshasa",
  "CD-KS": "CD-KS",
  "CD-LU": "CD-LU",
  "CD-MA": "Maniema",
  "CD-MN": "CD-MN",
  "CD-NK": "Nord-Kivu",
  "CD-NU": "CD-NU",
  "CD-SA": "CD-SA",
  "CD-SU": "CD-SU",
  "CD-TA": "CD-TA",
  "CD-TO": "CD-TO",
  "CD-TU": "CD-TU",
  "CF-MP": "Ömbëlä-Pökö",
  "CG-12": "Pool",
  "CG-5": "Kouilou",
  "CH-BE": "Bern",
  "CH-GE": "Genève",
  "CH-SG": "Sankt Gallen",
  "CH-TI": "Ticino",
  "CH-ZH": "Zürich",
  "CI-AB": "CI-AB",
  "CI-BS": "CI-BS",
  "CI-SV": "CI-SV",
  "CI-VB": "CI-VB",
  "CK-U-A": "CK-U-A",
  "CL-AI": "Aysén",
  "CL-AN": "Antofagasta",
  "CL-AP": "Arica y Parinacota",
  "CL-AR": "Araucanía",
  "CL-AT": "Atacama",
  "CL-BI": "Biobío",
  "CL-CO": "Coquimbo",
  "CL-LL": "Los Lagos",
  "CL-LR": "Los Ríos",
  "CL-MA": "Magallanes",
  "CL-RM": "Región Metropolitana de Santiago",
  "CL-TA": "Tarapacá",
  "CL-VS": "Valparaíso",
  "CM-AD": "Adamaoua",
  "CM-CE": "Centre",
  "CM-EN": "Extrême-Nord",
  "CM-LT": "Littoral",
  "CM-NO": "Nord",
  "CN-11": "Beijing",
  "CN-12": "Tianjin",
  "CN-13": "Hebei",
  "CN-14": "Shanxi",
  "CN-15": "Nei Mongol",
  "CN-21": "Liaoning",
  "CN-22": "Jilin",
  "CN-23": "Heilongjiang",
  "CN-31": "Shanghai",
  "CN-32": "Jiangsu",
  "CN-33": "Zhejiang",
  "CN-34": "Anhui",
  "CN-35": "Fujian",
  "CN-36": "Jiangxi",
  "CN-37": "Shandong",
  "CN-41": "Henan",
  "CN-42": "Hubei",
  "CN-43": "Hunan",
  "CN-44": "Guangdong",
  "CN-45": "Guangxi",
  "CN-46": "Hainan",
  "CN-50": "Chongqing",
  "CN-51": "Sichuan",
  "CN-52": "Guizhou",
  "CN-53": "Yunnan",
  "CN-54": "Xizang",
  "CN-61": "Shaanxi",
  "CN-62": "Gansu",
  "CN-63": "Qinghai",
  "CN-64": "Ningxia",
  "CN-65": "Xinjiang",
  "CO-AMA": "Amazonas",
  "CO-ANT": "Antioquia",
  "CO-ARA": "Arauca",
  "CO-ATL": "Atlántico",
  "CO-BOL": "Bolívar",
  "CO-CAL": "Caldas",
  "CO-CAQ": "Caquetá",
  "CO-CAS": "Casanare",
  "CO-CAU": "Cauca",
  "CO-CES": "Cesar",
  "CO-CHO": "Chocó",
  "CO-COR": "Córdoba",
  "CO-DC": "Distrito Capital de Bogotá",
  "CO-GUA": "Guainía",
  "CO-GUV": "Guaviare",
  "CO-HUI": "Huila",
  "CO-LAG": "La Guajira",
  "CO-MAG": "Magdalena",
  "CO-MET": "Meta",
  "CO-NAR": "Nariño",
  "CO-NSA": "Norte de Santander",
  "CO-PUT": "Putumayo",
  "CO-QUI": "Quindío",
  "CO-RIS": "Risaralda",
  "CO-SAN": "Santander",
  "CO-SAP": "San Andrés, Providencia y Santa Catalina",
  "CO-SUC": "Sucre",
  "CO-TOL": "Tolima",
  "CO-VAC": "Valle del Cauca",
  "CO-VAU": "Vaupés",
  "CO-VID": "Vichada",
  "CR-A": "Alajuela",
  "CR-G": "Guanacaste",
  "CR-L": "Limón",
  "CR-P": "Puntarenas",
  "CR-SJ": "San José",
  "CU-03": "La Habana",
  "CU-04": "Matanzas",
  "CU-05": "Villa Clara",
  "CU-06": "Cienfuegos",
  "CU-07": "Sancti Spíritus",
  "CU-08": "Ciego de Ávila",
  "CU-09": "Camagüey",
  "CU-10": "Las Tunas",
  "CU-11": "Holguín",
  "CU-12": "Granma",
  "CU-13": "Santiago de Cuba",
  "CU-14": "Guantánamo",
  "CU-99": "Isla de la Juventud",
  "CV-B": "Ilhas de Barlavento",
  "CV-S": "Ilhas de Sotavento",
  "CW-U-A": "CW-U-A",
  "CX-U-A": "CX-U-A",
  "CY-02": "Lemesos",
  "CY-03": "Larnaka",
  "CY-04": "Famagusta",
  "CY-06": "Girne",
  "CZ-JM": "Jihomoravský kraj",
  "CZ-KA": "Karlovarský kraj",
  "CZ-MO": "Moravskoslezský kraj",
  "CZ-PA": "Pardubický kraj",
  "CZ-PR": "Praha, hlavní mešto",
  "DE-BE": "Berlin",
  "DE-BR": "DE-BR",
  "DE-BW": "Baden-Württemberg",
  "DE-BY": "Bayern",
  "DE-HB": "Bremen",
  "DE-HE": "Hessen",
  "DE-HH": "Hamburg",
  "DE-MV": "Mecklenburg-Vorpommern",
  "DE-NI": "Niedersachsen",
  "DE-NW": "Nordrhein-Westfalen",
  "DE-RP": "Rheinland-Pfalz",
  "DE-SH": "Schleswig-Holstein",
  "DE-SL": "Saarland",
  "DE-SN": "Sachsen",
  "DE-TH": "Thüringen",
  "DJ-DJ": "Djibouti",
  "DK-81": "Nordjylland",
  "DK-82": "Midtjylland",
  "DK-83": "Syddanmark",
  "DK-84": "Hovedstaden",
  "DK-85": "Sjælland",
  "DM-02": "Saint Andrew",
  "DM-10": "Saint Paul",
  "DO-01": "Distrito Nacional",
  "DO-04": "Barahona",
  "DO-11": "La Altagracia",
  "DO-12": "La Romana",
  "DO-18": "Puerto Plata",
  "DO-20": "Samaná",
  "DO-23": "San Pedro de Macorís",
  "DO-25": "Santiago",
  "DZ-01": "Adrar",
  "DZ-02": "Chlef",
  "DZ-05": "Batna",
  "DZ-06": "Béjaïa",
  "DZ-07": "Biskra",
  "DZ-08": "Béchar",
  "DZ-11": "Tamanrasset",
  "DZ-12": "Tébessa",
  "DZ-13": "Tlemcen",
  "DZ-16": "Alger",
  "DZ-18": "Jijel",
  "DZ-19": "Sétif",
  "DZ-23": "Annaba",
  "DZ-25": "Constantine",
  "DZ-30": "Ouargla",
  "DZ-31": "Oran",
  "DZ-33": "Illizi",
  "DZ-37": "Tindouf",
  "DZ-39": "El Oued",
  "DZ-47": "Ghardaïa",
  "DZ-50": "DZ-50",
  "DZ-52": "DZ-52",
  "DZ-54": "DZ-54",
  "DZ-55": "DZ-55",
  "DZ-56": "DZ-56",
  "DZ-57": "DZ-57",
  "EC-A": "Azuay",
  "EC-C": "Carchi",
  "EC-D": "Orellana",
  "EC-E": "Esmeraldas",
  "EC-G": "Guayas",
  "EC-L": "Loja",
  "EC-M": "Manabí",
  "EC-O": "El Oro",
  "EC-P": "Pichincha",
  "EC-S": "Morona-Santiago",
  "EC-W": "Galápagos",
  "EC-X": "Cotopaxi",
  "EE-37": "Harjumaa",
  "EE-39": "Hiiumaa",
  "EE-67": "Pärnumaa",
  "EE-74": "Saaremaa",
  "EE-7B": "EE-7B",
  "EG-ALX": "Al Iskandarīyah",
  "EG-ASN": "Aswān",
  "EG-AST": "Asyūţ",
  "EG-BA": "Al Baḩr al Aḩmar",
  "EG-C": "Cairo",
  "EG-GZ": "Al Jīzah",
  "EG-JS": "South Sinai",
  "EG-LX": "Al Uqşur",
  "EG-MT": "Maţrūḩ",
  "EG-SHG": "Sūhāj",
  "EG-SIN": "Shamāl Sīnā'",
  "EH-U-A": "EH-U-A",
  "ER-DK": "Debubawi K’eyyĭḥ Baḥri",
  "ER-SK": "Semienawi K’eyyĭḥ Baḥri",
  "ES-AN": "Andalucía",
  "ES-AR": "Aragón",
  "ES-AS": "Asturias, Principado de",
  "ES-CB": "Cantabria",
  "ES-CE": "Ceuta",
  "ES-CL": "Castilla y León",
  "ES-CN": "Canarias",
  "ES-CT": "Catalunya",
  "ES-EX": "Extremadura",
  "ES-GA": "Galicia",
  "ES-IB": "Illes Balears",
  "ES-MC": "Murcia, Región de",
  "ES-MD": "Madrid, Comunidad de",
  "ES-ML": "Melilla",
  "ES-NC": "Nafarroako Foru Komunitatea*",
  "ES-PV": "Euskal Herria",
  "ES-VC": "Valenciana, Comunidad",
  "ET-AA": "Addis Ababa",
  "ET-AF": "Afar",
  "ET-AM": "Amara",
  "ET-BE": "Benshangul-Gumaz",
  "ET-DD": "Dire Dawa",
  "ET-GA": "Gambēla Hizboch",
  "ET-OR": "Oromia",
  "ET-SN": "Southern Nations, Nationalities and Peoples",
  "ET-SO": "Somali",
  "ET-SW": "ET-SW",
  "ET-TI": "Tigrai",
  "ET-XSD": "ET-XSD",
  "FI-01": "Ahvenanmaan maakunta",
  "FI-02": "Etelä-Karjala",
  "FI-04": "Etelä-Savo",
  "FI-05": "Kainuu",
  "FI-07": "Keski-Pohjanmaa",
  "FI-08": "Keski-Suomi",
  "FI-10": "Lappi",
  "FI-11": "Birkaland",
  "FI-12": "Österbotten",
  "FI-13": "Norra Karelen",
  "FI-14": "Norra Österbotten",
  "FI-15": "Norra Savolax",
  "FI-17": "Satakunda",
  "FI-18": "Nyland",
  "FI-19": "Egentliga Finland",
  "FJ-C": "Central",
  "FJ-E": "Eastern",
  "FJ-N": "Northern",
  "FJ-R": "Rotuma",
  "FJ-W": "Western",
  "FK-U-A": "FK-U-A",
  "FM-KSA": "Kosrae",
  "FM-PNI": "Pohnpei",
  "FM-TRK": "Chuuk",
  "FM-YAP": "Yap",
  "FO-U-A": "FO-U-A",
  "FR-ARA": "FR-ARA",
  "FR-BFC": "FR-BFC",
  "FR-BRE": "FR-BRE",
  "FR-COR": "FR-COR",
  "FR-CVL": "FR-CVL",
  "FR-GES": "FR-GES",
  "FR-HDF": "FR-HDF",
  "FR-IDF": "FR-IDF",
  "FR-NAQ": "FR-NAQ",
  "FR-NOR": "FR-NOR",
  "FR-OCC": "FR-OCC",
  "FR-PAC": "FR-PAC",
  "FR-PDL": "FR-PDL",
  "GA-1": "Estuaire",
  "GA-2": "Haut-Ogooué",
  "GA-6": "Ogooué-Ivindo",
  "GA-8": "Ogooué-Maritime",
  "GA-9": "Woleu-Ntem",
  "GB-ENG": "England",
  "GB-NIR": "Northern Ireland",
  "GB-SCT": "Scotland",
  "GB-WLS": "Wales",
  "GD-GE": "GD-GE",
  "GD-PA": "GD-PA",
  "GE-AB": "Abkhazia",
  "GE-AJ": "Ajaria",
  "GE-IM": "Imereti",
  "GE-MM": "Mtskheta-Mtianeti",
  "GE-RL": "Rach'a-Lechkhumi-Kvemo Svaneti",
  "GE-SZ": "Samegrelo-Zemo Svaneti",
  "GE-TB": "Tbilisi",
  "GF-CY": "GF-CY",
  "GF-SL": "GF-SL",
  "GG-A": "GG-A",
  "GG-G": "GG-G",
  "GH-AA": "Greater Accra",
  "GH-AH": "Ashanti",
  "GH-BO": "GH-BO",
  "GH-NP": "Northern",
  "GH-TV": "Volta",
  "GH-WP": "Western",
  "GI-U-A": "GI-U-A",
  "GL-AV": "GL-AV",
  "GL-KU": "Kommune Kujalleq",
  "GL-QA": "Qaasuitsup Kommunia",
  "GL-QK": "GL-QK",
  "GL-SE": "GL-SE",
  "GM-W": "Western",
  "GN-C": "Conakry",
  "GP-U-A": "GP-U-A",
  "GQ-AN": "Annobón",
  "GQ-BN": "Bioko Nord",
  "GQ-LI": "Litoral",
  "GR-A": "Anatolikí Makedonía kai Thráki",
  "GR-B": "Kentrikí Makedonía",
  "GR-C": "Dytikí Makedonía",
  "GR-D": "Ípeiros",
  "GR-E": "Thessalía",
  "GR-F": "Ionía Nísia",
  "GR-G": "Dytikí Elláda",
  "GR-H": "Stereá Elláda",
  "GR-I": "Attica",
  "GR-J": "Peloponnísos",
  "GR-K": "Voreío Aigaío",
  "GR-L": "Notío Aigaío",
  "GR-M": "Krítí",
  "GT-GU": "Guatemala",
  "GT-HU": "Huehuetenango",
  "GT-IZ": "Izabal",
  "GT-PE": "Petén",
  "GT-QZ": "Quetzaltenango",
  "GT-RE": "Retalhuleu",
  "GU-U-A": "GU-U-A",
  "GW-BS": "Bissau",
  "GY-DE": "Demerara-Mahaica",
  "GY-PT": "Potaro-Siparuni",
  "GY-UT": "Upper Takutu-Upper Essequibo",
  "HK-HK": "Hong Kong",
  "HK-NT": "HK-NT",
  "HN-AT": "Atlántida",
  "HN-CM": "Comayagua",
  "HN-CR": "Cortés",
  "HN-FM": "Francisco Morazán",
  "HN-GD": "Gracias a Dios",
  "HN-IB": "Islas de la Bahía",
  "HR-01": "Zagrebačka županija",
  "HR-08": "Primorsko-goranska županija",
  "HR-13": "Zadarska županija",
  "HR-14": "Osječko-baranjska županija",
  "HR-17": "Splitsko-dalmatinska županija",
  "HR-18": "Istarska županija",
  "HR-19": "Dubrovačko-neretvanska županija",
  "HT-GA": "Grandans",
  "HT-ND": "Nò",
  "HT-OU": "Lwès",
  "HT-SD": "Sid",
  "HU-BA": "Baranya",
  "HU-BU": "Budapest",
  "HU-GS": "Győr-Moson-Sopron",
  "HU-HB": "Hajdú-Bihar",
  "HU-ZA": "Zala",
  "ID-AC": "Aceh",
  "ID-BA": "Bali",
  "ID-BB": "Bangka Belitung",
  "ID-BE": "Bengkulu",
  "ID-BT": "Banten",
  "ID-GO": "Gorontalo",
  "ID-JA": "Jambi",
  "ID-JB": "Jawa Barat",
  "ID-JI": "Jawa Timur",
  "ID-JK": "Jakarta Raya",
  "ID-JT": "Jawa Tengah",
  "ID-KB": "Kalimantan Barat",
  "ID-KI": "Kalimantan Timur",
  "ID-KR": "Kepulauan Riau",
  "ID-KS": "Kalimantan Selatan",
  "ID-KT": "Kalimantan Tengah",
  "ID-KU": "Kalimantan Utara",
  "ID-LA": "Lampung",
  "ID-MA": "Maluku",
  "ID-MU": "Maluku Utara",
  "ID-NB": "Nusa Tenggara Barat",
  "ID-NT": "Nusa Tenggara Timur",
  "ID-PA": "Papua",
  "ID-PB": "Papua Barat",
  "ID-PP": "Papua",
  "ID-PS": "ID-PS",
  "ID-PT": "ID-PT",
  "ID-RI": "Riau",
  "ID-SA": "Sulawesi Utara",
  "ID-SB": "Sumatera Barat",
  "ID-SG": "Sulawesi Tenggara",
  "ID-SN": "Sulawesi Selatan",
  "ID-SS": "Sumatera Selatan",
  "ID-ST": "Sulawesi Tengah",
  "ID-SU": "Sumatera Utara",
  "ID-YO": "Yogyakarta",
  "IE-CE": "An Clár",
  "IE-CO": "Corcaigh",
  "IE-D": "Baile Átha Cliath",
  "IE-DL": "Donegal",
  "IE-G": "Gaillimh",
  "IE-KY": "Ciarraí",
  "IE-MO": "Maigh Eo",
  "IL-D": "Southern District",
  "IL-HA": "Haifa",
  "IL-M": "Central District",
  "IM-U-A": "IM-U-A",
  "IN-AN": "Andaman and Nicobar Islands",
  "IN-AP": "Andhra Pradesh",
  "IN-AR": "Arunachal Pradesh",
  "IN-AS": "Assam",
  "IN-BR": "Bihar",
  "IN-CH": "Chandigarh",
  "IN-CT": "Chhattisgarh",
  "IN-DH": "IN-DH",
  "IN-DL": "Delhi",
  "IN-GA": "Goa",
  "IN-GJ": "Gujarat",
  "IN-HP": "Himachal Pradesh",
  "IN-HR": "Haryana",
  "IN-JH": "Jharkhand",
  "IN-JK": "Jammu and Kashmir",
  "IN-KA": "Karnataka",
  "IN-KL": "Kerala",
  "IN-LA": "IN-LA",
  "IN-LD": "Lakshadweep",
  "IN-ML": "Meghalaya",
  "IN-MM": "IN-MM",
  "IN-MN": "Manipur",
  "IN-MP": "Madhya Pradesh",
  "IN-MZ": "Mizoram",
  "IN-NL": "Nagaland",
  "IN-OR": "Odisha",
  "IN-PB": "Punjab",
  "IN-PY": "Puducherry",
  "IN-RJ": "Rajasthan",
  "IN-TG": "Telangana",
  "IN-TN": "Tamil Nadu",
  "IN-TR": "Tripura",
  "IN-UP": "Uttar Pradesh",
  "IN-UT": "Uttarakhand",
  "IN-WB": "West Bengal",
  "IQ-AR": "Arbīl",
  "IQ-BA": "Al Başrah",
  "IQ-BG": "Baghdād",
  "IQ-NA": "An Najaf",
  "IQ-SW": "IQ-SW",
  "IR-01": "Āz̄arbāyjān-e Sharqī",
  "IR-02": "Āz̄arbāyjān-e Gharbī",
  "IR-03": "Ardabīl",
  "IR-04": "Eşfahān",
  "IR-05": "Īlām",
  "IR-06": "Būshehr",
  "IR-07": "Tehrān",
  "IR-08": "Chahār Maḩāll va Bakhtīārī",
  "IR-09": "IR-09",
  "IR-10": "Khūzestān",
  "IR-11": "Zanjān",
  "IR-12": "Semnān",
  "IR-13": "Sīstān va Balūchestān",
  "IR-15": "Kermān",
  "IR-17": "Kermānshāh",
  "IR-18": "Kohgīlūyeh va Būyer Aḩmad",
  "IR-20": "Lorestān",
  "IR-21": "Māzandarān",
  "IR-22": "Markazī",
  "IR-23": "Hormozgān",
  "IR-24": "Hamadān",
  "IR-28": "Qazvīn",
  "IR-29": "Khorāsān-e Janūbī",
  "IR-30": "Khorāsān-e Razavī",
  "IS-1": "Höfuðborgarsvæði utan Reykjavíkur",
  "IS-2": "Southern Peninsula",
  "IS-4": "Vestfirðir",
  "IS-6": "Norðurland eystra",
  "IS-7": "Austurland",
  "IS-8": "Suðurland",
  "IT-21": "Piemonte",
  "IT-25": "Lombardia",
  "IT-32": "Trentino-Alto Adige",
  "IT-34": "Veneto",
  "IT-36": "Friuli-Venezia Giulia",
  "IT-42": "Liguria",
  "IT-45": "Emilia-Romagna",
  "IT-52": "Toscana",
  "IT-55": "Umbria",
  "IT-57": "Marche",
  "IT-62": "Lazio",
  "IT-65": "Abruzzo",
  "IT-72": "Campania",
  "IT-75": "Puglia",
  "IT-78": "Calabria",
  "IT-82": "Sicilia",
  "IT-88": "Sardegna",
  "JE-U-A": "JE-U-A",
  "JM-01": "Kingston",
  "JM-02": "Saint Andrew",
  "JM-05": "Saint Mary",
  "JM-08": "Saint James",
  "JO-AM": "‘Ammān",
  "JO-AQ": "Al ʽAqabah",
  "JP-01": "Hokkaido",
  "JP-02": "Aomori",
  "JP-03": "Iwate",
  "JP-04": "Miyagi",
  "JP-05": "Akita",
  "JP-06": "Yamagata",
  "JP-07": "Fukushima",
  "JP-08": "Ibaraki",
  "JP-12": "Chiba",
  "JP-13": "Tôkyô",
  "JP-15": "Niigata",
  "JP-16": "Toyama",
  "JP-17": "Ishikawa",
  "JP-20": "Nagano",
  "JP-22": "Shizuoka",
  "JP-23": "Aichi",
  "JP-27": "Osaka",
  "JP-28": "Hyogo",
  "JP-30": "Wakayama",
  "JP-31": "Tottori",
  "JP-32": "Shimane",
  "JP-33": "Okayama",
  "JP-34": "Hiroshima",
  "JP-35": "Yamaguchi",
  "JP-36": "Tokushima",
  "JP-37": "Kagawa",
  "JP-38": "Ehime",
  "JP-39": "Kochi",
  "JP-40": "Fukuoka",
  "JP-41": "Saga",
  "JP-42": "Nagasaki",
  "JP-43": "Kumamoto",
  "JP-44": "Oita",
  "JP-45": "Miyazaki",
  "JP-46": "Kagoshima",
  "JP-47": "Okinawa",
  "KE-110": "KE-110",
  "KE-200": "KE-200",
  "KE-300": "KE-300",
  "KE-400": "KE-400",
  "KE-500": "KE-500",
  "KE-600": "KE-600",
  "KE-700": "KE-700",
  "KG-B": "Batken",
  "KG-C": "Chü",
  "KG-J": "Džalal-Abadskaja oblast'",
  "KG-N": "Naryn",
  "KG-O": "Osh",
  "KG-T": "Talas",
  "KG-Y": "Issyk-Kul'skaja oblast'",
  "KH-12": "Phnom Penh",
  "KH-17": "Siem Reab",
  "KH-18": "Krŏng Preăh Sihanouk",
  "KH-2": "Baat Dambang",
  "KI-G": "Gilbert Islands",
  "KI-L": "Line Islands",
  "KM-A": "Andjouân",
  "KM-G": "Andjazîdja",
  "KN-U-A": "KN-U-A",
  "KP-01": "P'yǒngyang",
  "KP-07": "Kangweonto",
  "KP-08": "Hamgyǒng-namdo",
  "KP-09": "Hamgyǒng-bukto",
  "KR-11": "Seoul-T'ǔkpyǒlshi",
  "KR-26": "Busan Gwang'yeogsi",
  "KR-27": "Daegu Gwang'yeogsi",
  "KR-28": "Inch'ǒn-Kwangyǒkshi",
  "KR-29": "Gwangju Gwang'yeogsi",
  "KR-31": "Ulsan Gwang'yeogsi",
  "KR-42": "Gang'weondo",
  "KR-43": "Ch'ungch'ǒngbuk-do",
  "KR-45": "Chǒllabuk-do",
  "KR-46": "Chǒllanam-do",
  "KR-47": "Gyeongsangbugdo",
  "KR-48": "Gyeongsangnamdo",
  "KR-49": "Cheju-do",
  "KW-FA": "Al Farwānīyah",
  "KY-CB": "KY-CB",
  "KY-GC": "KY-GC",
  "KZ-ABA": "KZ-ABA",
  "KZ-AKM": "Akmolinskaja oblast'",
  "KZ-AKT": "Aktjubinskaja oblast'",
  "KZ-ALA": "Almaty",
  "KZ-AST": "Astana",
  "KZ-ATY": "Atyraū oblysy",
  "KZ-JET": "KZ-JET",
  "KZ-KAR": "Karagandinskaja oblast'",
  "KZ-KUS": "Kostanajskaja oblast'",
  "KZ-KZY": "Kyzylordinskaja oblast'",
  "KZ-MAN": "Mangghystaū oblysy",
  "KZ-PAV": "Pavlodar oblysy",
  "KZ-SEV": "Severo-Kazahstanskaja oblast'",
  "KZ-ULY": "KZ-ULY",
  "KZ-VOS": "Shyghys Qazaqstan oblysy",
  "KZ-YUZ": "Južno-Kazahstanskaja oblast'",
  "KZ-ZAP": "Batys Qazaqstan oblysy",
  "KZ-ZHA": "Žambylskaja oblast'",
  "LA-BK": "Bokèo",
  "LA-CH": "Champasak",
  "LA-LM": "Louang Namtha",
  "LA-LP": "Louangphabang",
  "LA-OU": "Oudomsai",
  "LA-VT": "Vientiane",
  "LA-XI": "Xiangkhouang",
  "LB-JL": "Jabal Lubnān",
  "LC-02": "Castries",
  "LC-11": "Vieux Fort",
  "LK-1": "Basnāhira paḷāta",
  "LK-2": "Central Province",
  "LK-3": "Dakuṇu paḷāta",
  "LK-4": "Northern Province",
  "LK-5": "Eastern Province",
  "LR-MG": "Margibi",
  "LR-MO": "Montserrado",
  "LS-A": "Maseru",
  "LT-KL": "Klaipėdos apskritis",
  "LT-KU": "Kauno apskritis",
  "LT-VL": "Vilniaus apskritis",
  "LU-L": "Lëtzebuerg",
  "LV-062": "Mārupes novads",
  "LY-BA": "Banghāzī",
  "LY-BU": "Al Buţnān",
  "LY-GT": "Ghāt",
  "LY-JA": "Al Jabal al Akhḑar",
  "LY-KF": "Al Kufrah",
  "LY-MI": "Mişrātah",
  "LY-SB": "Sabhā",
  "LY-TB": "Ţarābulus",
  "MA-01": "Tanger-Tétouan",
  "MA-02": "Gharb-Chrarda-Beni Hssen",
  "MA-03": "Taza-Al Hoceima-Taounate",
  "MA-04": "L'Oriental",
  "MA-06": "Meknès-Tafilalet",
  "MA-07": "Rabat-Salé-Zemmour-Zaer",
  "MA-08": "Grand Casablanca",
  "MA-09": "Chaouia-Ouardigha",
  "MA-10": "Doukkala-Abda",
  "MC-U-A": "MC-U-A",
  "MD-CU": "Chişinău",
  "ME-16": "Podgorica",
  "ME-19": "Tivat",
  "MF-U-A": "MF-U-A",
  "MG-A": "Toamasina",
  "MG-D": "Antsiranana",
  "MG-F": "Fianarantsoa",
  "MG-M": "Mahajanga",
  "MG-T": "Antananarivo",
  "MG-U": "Toliara",
  "MH-ALL": "Ailinglaplap",
  "MH-AUR": "Aur",
  "MH-BIK": "MH-BIK",
  "MH-ENI": "Enewetak and Ujelang",
  "MH-JAL": "Jaluit",
  "MH-KIL": "Bikini and Kili",
  "MH-KWA": "Kwajalein",
  "MH-LIK": "Likiep",
  "MH-MAJ": "Majuro",
  "MH-MIL": "Mili",
  "MH-NMU": "Namu",
  "MH-RON": "Rongelap",
  "MH-UJA": "Ujae",
  "MH-UTI": "Utrik",
  "MH-WTJ": "Wotje",
  "MH-WTN": "MH-WTN",
  "MK-003": "MK-003",
  "MK-008": "MK-008",
  "ML-2": "Koulikoro",
  "ML-5": "Mopti",
  "ML-7": "Gao",
  "MM-01": "Sagaing",
  "MM-03": "Magway",
  "MM-04": "Mandalay",
  "MM-05": "Taninthayi",
  "MM-06": "Yangon",
  "MM-07": "Ayeyawady",
  "MM-11": "Kachin",
  "MM-12": "Kayah",
  "MM-15": "Mon",
  "MM-16": "Rakhine",
  "MM-17": "Shan",
  "MN-041": "Hövsgöl",
  "MN-043": "Hovd",
  "MN-046": "Uvs",
  "MN-047": "Töv",
  "MN-053": "Ömnögovĭ",
  "MN-055": "Övörhangay",
  "MN-057": "Dzavhan",
  "MN-059": "Dundgovĭ",
  "MN-065": "Govĭ-Altay",
  "MN-067": "Bulgan",
  "MN-069": "Bayanhongor",
  "MN-071": "Bayan-Ölgiy",
  "MO-CAR": "MO-CAR",
  "MP-U-A": "MP-U-A",
  "MQ-U-A": "MQ-U-A",
  "MR-08": "Dakhlet Nouâdhibou",
  "MR-11": "Tiris Zemmour",
  "MR-NKC": "Nouakchott",
  "MS-SP": "MS-SP",
  "MT-25": "Luqa",
  "MT-62": "Xewkija",
  "MU-GP": "Grand Port",
  "MU-RO": "Rodrigues Island",
  "MV-00": "Alifu Dhaalu",
  "MV-01": "Addu Atholhu",
  "MV-05": "Hadhdhunmathi",
  "MV-07": "Haa Alifu",
  "MV-08": "Kolhumadulu",
  "MV-20": "Baa",
  "MV-23": "Haa Dhaalu",
  "MV-24": "Miladhunmadulu Uthuruburi",
  "MV-25": "Miladhunmadulu Dhekunuburi",
  "MV-27": "Gaafu Alifu",
  "MV-28": "Gaafu Dhaalu",
  "MV-MLE": "Maale",
  "MW-BL": "Blantyre",
  "MW-LI": "Lilongwe",
  "MX-AGU": "Aguascalientes",
  "MX-BCN": "Baja California",
  "MX-BCS": "Baja California Sur",
  "MX-CAM": "Campeche",
  "MX-CHH": "Chihuahua",
  "MX-CHP": "Chiapas",
  "MX-COA": "Coahuila de Zaragoza",
  "MX-COL": "Colima",
  "MX-DIF": "MX-DIF",
  "MX-DUR": "Durango",
  "MX-GRO": "Guerrero",
  "MX-GUA": "Guanajuato",
  "MX-JAL": "Jalisco",
  "MX-MEX": "México",
  "MX-MIC": "Michoacán de Ocampo",
  "MX-NAY": "Nayarit",
  "MX-NLE": "Nuevo León",
  "MX-OAX": "Oaxaca",
  "MX-PUE": "Puebla",
  "MX-QUE": "Querétaro",
  "MX-ROO": "Quintana Roo",
  "MX-SIN": "Sinaloa",
  "MX-SLP": "San Luis Potosí",
  "MX-SON": "Sonora",
  "MX-TAB": "Tabasco",
  "MX-TAM": "Tamaulipas",
  "MX-VER": "Veracruz de Ignacio de la Llave",
  "MX-YUC": "Yucatán",
  "MX-ZAC": "Zacatecas",
  "MY-01": "Johor",
  "MY-02": "Kedah",
  "MY-03": "Kelantan",
  "MY-06": "Pahang",
  "MY-07": "Pulau Pinang",
  "MY-08": "Perak",
  "MY-10": "Selangor",
  "MY-11": "Terengganu",
  "MY-12": "Sabah",
  "MY-13": "Sarawak",
  "MY-15": "Wilayah Persekutuan Labuan",
  "MZ-A": "Niassa",
  "MZ-B": "Manica",
  "MZ-G": "Gaza",
  "MZ-I": "Inhambane",
  "MZ-MPM": "Maputo",
  "MZ-N": "Nampula",
  "MZ-P": "Cabo Delgado",
  "MZ-Q": "Zambézia",
  "MZ-S": "Sofala",
  "MZ-T": "Tete",
  "NA-CA": "Zambezi",
  "NA-ER": "Erongo",
  "NA-KA": "Karas",
  "NA-KE": "Kavango East",
  "NA-KH": "Khomas",
  "NA-ON": "Oshana",
  "NA-OT": "Oshikoto",
  "NC-01": "NC-01",
  "NC-02": "NC-02",
  "NC-03": "NC-03",
  "NE-1": "Agadez",
  "NE-7": "Zinder",
  "NE-8": "Niamey",
  "NF-U-A": "NF-U-A",
  "NG-AD": "Adamawa",
  "NG-AK": "Akwa Ibom",
  "NG-AN": "Anambra",
  "NG-BA": "Bauchi",
  "NG-BE": "Benue",
  "NG-BO": "Borno",
  "NG-BY": "Bayelsa",
  "NG-CR": "Cross River",
  "NG-DE": "Delta",
  "NG-ED": "Edo",
  "NG-EN": "Enugu",
  "NG-FC": "Abuja Federal Capital Territory",
  "NG-GO": "Gombe",
  "NG-IM": "Imo",
  "NG-KD": "Kaduna",
  "NG-KE": "Kebbi",
  "NG-KN": "Kano",
  "NG-KW": "Kwara",
  "NG-LA": "Lagos",
  "NG-ON": "Ondo",
  "NG-OY": "Oyo",
  "NG-PL": "Plateau",
  "NG-RI": "Rivers",
  "NG-SO": "Sokoto",
  "NI-AN": "Atlántico Norte",
  "NI-AS": "Atlántico Sur",
  "NI-MN": "Managua",
  "NI-RI": "Rivas",
  "NL-DR": "Drenthe",
  "NL-LI": "Limburg",
  "NL-NB": "Noord-Brabant",
  "NL-NH": "Noord-Holland",
  "NL-ZH": "Zuid-Holland",
  "NO-11": "Rogaland",
  "NO-15": "Møre og Romsdal",
  "NO-18": "Nordland",
  "NO-21": "Svalbard",
  "NO-32": "NO-32",
  "NO-39": "NO-39",
  "NO-42": "NO-42",
  "NO-46": "NO-46",
  "NO-50": "NO-50",
  "NO-55": "NO-55",
  "NO-56": "NO-56",
  "NP-P1": "NP-P1",
  "NP-P2": "NP-P2",
  "NP-P3": "NP-P3",
  "NP-P4": "NP-P4",
  "NP-P5": "NP-P5",
  "NP-P6": "NP-P6",
  "NP-P7": "NP-P7",
  "NR-14": "Yaren",
  "NU-U-A": "NU-U-A",
  "NZ-AUK": "Auckland",
  "NZ-BOP": "Bay of Plenty",
  "NZ-CAN": "Canterbury",
  "NZ-GIS": "Gisborne District",
  "NZ-HKB": "Hawke's Bay",
  "NZ-MBH": "Marlborough District",
  "NZ-MWT": "Manawatu-Wanganui",
  "NZ-NSN": "Nelson City",
  "NZ-NTL": "Northland",
  "NZ-OTA": "Otago",
  "NZ-STL": "Southland",
  "NZ-TKI": "Taranaki",
  "NZ-WGN": "Wellington",
  "NZ-WKO": "Waikato",
  "NZ-WTC": "West Coast",
  "OM-BA": "Al Bāţinah",
  "OM-MA": "Masqaţ",
  "OM-MU": "Musandam",
  "OM-WU": "Al Wusţá",
  "OM-ZU": "Z̧ufār",
  "PA-1": "Bocas del Toro",
  "PA-10": "Panamá Oeste",
  "PA-2": "Coclé",
  "PA-3": "Colón",
  "PA-4": "Chiriquí",
  "PA-5": "Darién",
  "PA-6": "Herrera",
  "PA-7": "Los Santos",
  "PA-8": "Panamá",
  "PA-9": "Veraguas",
  "PE-AMA": "Amarumayu",
  "PE-ANC": "Ancash",
  "PE-APU": "Apurímac",
  "PE-ARE": "Arequipa",
  "PE-AYA": "Ayacucho",
  "PE-CAJ": "Cajamarca",
  "PE-CUS": "Cusco",
  "PE-HUC": "Huánuco",
  "PE-ICA": "Ica",
  "PE-JUN": "Hunin",
  "PE-LAL": "La Libertad",
  "PE-LAM": "Lambayeque",
  "PE-LIM": "Lima",
  "PE-LOR": "Loreto",
  "PE-MDD": "Madre de Dios",
  "PE-MOQ": "Moquegua",
  "PE-PAS": "Pasco",
  "PE-PIU": "Piura",
  "PE-PUN": "Puno",
  "PE-SAM": "San Martin",
  "PE-TAC": "Tacna",
  "PE-TUM": "Tumbes",
  "PE-UCA": "Ucayali",
  "PF-U-A": "PF-U-A",
  "PG-CPK": "Chimbu",
  "PG-CPM": "Central",
  "PG-EBR": "East New Britain",
  "PG-EHG": "Eastern Highlands",
  "PG-EPW": "Enga",
  "PG-ESW": "East Sepik",
  "PG-GPK": "Gulf",
  "PG-HLA": "Hela",
  "PG-MBA": "Milne Bay",
  "PG-MPL": "Morobe",
  "PG-MPM": "Madang",
  "PG-MRL": "Manus",
  "PG-NCD": "National Capital District",
  "PG-NIK": "New Ireland",
  "PG-NPP": "Northern",
  "PG-NSB": "Bougainville",
  "PG-SAN": "West Sepik",
  "PG-SHM": "Southern Highlands",
  "PG-WBK": "West New Britain",
  "PG-WHM": "Western Highlands",
  "PG-WPD": "Western",
  "PH-00": "National Capital Region",
  "PH-AKL": "Aklan",
  "PH-ALB": "Albay",
  "PH-BAG": "PH-BAG",
  "PH-BOH": "Bohol",
  "PH-BTC": "PH-BTC",
  "PH-BTN": "Batanes",
  "PH-CAG": "Cagayan",
  "PH-CAM": "Camiguin",
  "PH-CAP": "Capiz",
  "PH-CAS": "Camarines Sur",
  "PH-CAT": "Catanduanes",
  "PH-CEB": "Cebu",
  "PH-DVO": "PH-DVO",
  "PH-ILI": "Iloilo",
  "PH-ILN": "Hilagang Iloko",
  "PH-ISA": "Isabela",
  "PH-LEY": "Leyte",
  "PH-MAS": "Masbate",
  "PH-MDC": "Kanlurang Mindoro",
  "PH-MDN": "PH-MDN",
  "PH-MSC": "Kanlurang Misamis",
  "PH-MSR": "Misamis Oriental",
  "PH-NEC": "Kanlurang Negros",
  "PH-NER": "Negros Oriental",
  "PH-NSA": "Hilagang Samar",
  "PH-PAM": "Pampanga",
  "PH-PLW": "Palawan",
  "PH-ROM": "Romblon",
  "PH-SCO": "South Cotabato",
  "PH-SLU": "Sulu",
  "PH-SUN": "Hilagang Surigaw",
  "PH-TAW": "Tawi-Tawi",
  "PH-WSA": "Samar",
  "PH-ZAN": "Hilagang Sambuwangga",
  "PH-ZAS": "Timog Sambuwangga",
  "PH-ZMB": "Sambales",
  "PH-ZMC": "PH-ZMC",
  "PK-BA": "Balochistan",
  "PK-GB": "Gilgit-Baltistān",
  "PK-KP": "Khaībar Pakhtūnkhwā",
  "PK-PB": "Panjāb",
  "PK-SD": "Sindh",
  "PL-DS": "Dolnośląskie",
  "PL-KP": "Kujawsko-pomorskie",
  "PL-LB": "Lubuskie",
  "PL-LD": "Łódzkie",
  "PL-LU": "Lubelskie",
  "PL-MA": "Małopolskie",
  "PL-MZ": "Mazowieckie",
  "PL-PK": "Podkarpackie",
  "PL-PM": "Pomorskie",
  "PL-SL": "Śląskie",
  "PL-WN": "Warmińsko-mazurskie",
  "PL-WP": "Wielkopolskie",
  "PL-ZP": "Zachodniopomorskie",
  "PM-ML": "PM-ML",
  "PM-SP": "PM-SP",
  "PR-U-A": "PR-U-A",
  "PT-04": "Bragança",
  "PT-07": "Évora",
  "PT-08": "Faro",
  "PT-11": "Lisboa",
  "PT-13": "Porto",
  "PT-17": "Vila Real",
  "PT-18": "Viseu",
  "PT-20": "Região Autónoma dos Açores",
  "PT-30": "Região Autónoma da Madeira",
  "PW-004": "Airai",
  "PY-10": "Alto Paraná",
  "PY-11": "Central",
  "PY-7": "Itapúa",
  "QA-DA": "Ad Dawḩah",
  "RE-SD": "RE-SD",
  "RE-SR": "RE-SR",
  "RO-AR": "Arad",
  "RO-B": "Bucureşti",
  "RO-BC": "Bacău",
  "RO-BH": "Bihor",
  "RO-BV": "Braşov",
  "RO-CJ": "Cluj",
  "RO-CT": "Constanţa",
  "RO-DJ": "Dolj",
  "RO-IF": "Ilfov",
  "RO-IS": "Iaşi",
  "RO-MM": "Maramureş",
  "RO-MS": "Mureş",
  "RO-SB": "Sibiu",
  "RO-SM": "Satu Mare",
  "RO-SV": "Suceava",
  "RO-TM": "Timiş",
  "RS-00": "Beograd",
  "RS-18": "Raški okrug",
  "RS-20": "Nišavski okrug",
  "RU-ALT": "Altajskij kraj",
  "RU-AMU": "Amurskaja oblast'",
  "RU-ARK": "Arhangel'skaja oblast'",
  "RU-AST": "Astrahanskaja oblast'",
  "RU-BA": "Bashkortostan, Respublika",
  "RU-BEL": "Belgorodskaja oblast'",
  "RU-BRY": "Brjanskaja oblast'",
  "RU-BU": "Burjatija, Respublika",
  "RU-CE": "Čečenskaja Respublika",
  "RU-CHE": "Čeljabinskaja oblast'",
  "RU-CHU": "Chukotskiy avtonomnyy okrug",
  "RU-CU": "Chuvashskaya Respublika",
  "RU-DA": "Dagestan, Respublika",
  "RU-IN": "Ingušetija, Respublika",
  "RU-IRK": "Irkutskaja oblast'",
  "RU-IVA": "Ivanovskaja oblast'",
  "RU-KAM": "Kamčatskij kraj",
  "RU-KB": "Kabardino-Balkarskaja Respublika",
  "RU-KDA": "Krasnodarskij kraj",
  "RU-KEM": "Kemerovskaja oblast'",
  "RU-KGD": "Kaliningradskaja oblast'",
  "RU-KGN": "Kurganskaja oblast'",
  "RU-KHA": "Habarovskij kraj",
  "RU-KHM": "Hanty-Mansijskij avtonomnyj okrug",
  "RU-KIR": "Kirovskaja oblast'",
  "RU-KK": "Hakasija, Respublika",
  "RU-KL": "Kalmykija, Respublika",
  "RU-KO": "Komi, Respublika",
  "RU-KOS": "Kostromskaja oblast'",
  "RU-KR": "Karelija, Respublika",
  "RU-KRS": "Kurskaja oblast'",
  "RU-KYA": "Krasnojarskij kraj",
  "RU-LIP": "Lipeckaja oblast'",
  "RU-MAG": "Magadanskaja oblast'",
  "RU-MO": "Mordovija, Respublika",
  "RU-MOS": "Moskovskaja oblast'",
  "RU-MOW": "Moskva",
  "RU-MUR": "Murmanskaja oblast'",
  "RU-NEN": "Neneckij avtonomnyj okrug",
  "RU-NIZ": "Nižegorodskaja oblast'",
  "RU-NVS": "Novosibirskaja oblast'",
  "RU-OMS": "Omskaja oblast'",
  "RU-ORE": "Orenburgskaja oblast'",
  "RU-PER": "Permskij kraj",
  "RU-PNZ": "Penzenskaja oblast'",
  "RU-PRI": "Primorskij kraj",
  "RU-PSK": "Pskovskaja oblast'",
  "RU-ROS": "Rostovskaja oblast'",
  "RU-SA": "Saha, Respublika",
  "RU-SAK": "Sahalinskaja oblast'",
  "RU-SAM": "Samarskaja oblast'",
  "RU-SAR": "Saratovskaja oblast'",
  "RU-SE": "Severnaja Osetija, Respublika",
  "RU-SPE": "Sankt-Peterburg",
  "RU-STA": "Stavropol'skij kraj",
  "RU-SVE": "Sverdlovskaja oblast'",
  "RU-TA": "Tatarstan, Respublika",
  "RU-TOM": "Tomskaja oblast'",
  "RU-TY": "Tyva, Respublika",
  "RU-TYU": "Tjumenskaja oblast'",
  "RU-UD": "Udmurtskaja Respublika",
  "RU-ULY": "Ul'janovskaja oblast'",
  "RU-VGG": "Volgogradskaja oblast'",
  "RU-VLG": "Vologodskaja oblast'",
  "RU-VOR": "Voronezhskaya oblast'",
  "RU-YAN": "Jamalo-Neneckij avtonomnyj okrug",
  "RU-YAR": "Jaroslavskaja oblast'",
  "RU-ZAB": "Zabajkal'skij kraj",
  "RW-01": "Ville de Kigal",
  "RW-04": "Ouest",
  "SA-01": "Ar Riyāḑ",
  "SA-02": "Makkah al Mukarramah",
  "SA-03": "Al Madīnah al Munawwarah",
  "SA-04": "Ash Sharqīyah",
  "SA-05": "Al Qaşīm",
  "SA-06": "Ḩā'il",
  "SA-07": "Tabūk",
  "SA-08": "Al Ḩudūd ash Shamālīyah",
  "SA-09": "Jāzān",
  "SA-10": "Najrān",
  "SA-11": "Al Bāḩah",
  "SA-12": "Al Jawf",
  "SA-14": "'Asīr",
  "SB-CE": "Central",
  "SB-CH": "Choiseul",
  "SB-GU": "Guadalcanal",
  "SB-IS": "Isabel",
  "SB-MK": "Makira-Ulawa",
  "SB-ML": "Malaita",
  "SB-RB": "Rennell and Bellona",
  "SB-TE": "Temotu",
  "SB-WE": "Western",
  "SC-14": "Grand'Anse Praslin",
  "SC-20": "Pointe La Rue",
  "SC-26": "SC-26",
  "SD-01": "SD-01",
  "SD-02": "SD-02",
  "SD-03": "SD-03",
  "SD-05": "SD-05",
  "SD-09": "SD-09",
  "SD-11": "SD-11",
  "SD-26": "SD-26",
  "SE-AB": "Stockholms län",
  "SE-AC": "Västerbottens län",
  "SE-BD": "Norrbottens län",
  "SE-D": "Södermanlands län",
  "SE-E": "Östergötlands län",
  "SE-F": "Jönköpings län",
  "SE-G": "Kronobergs län",
  "SE-H": "Kalmar län",
  "SE-I": "Gotlands län",
  "SE-K": "Blekinge län",
  "SE-M": "Skåne län",
  "SE-N": "Hallands län",
  "SE-Q": "SE-Q",
  "SE-S": "Värmlands län",
  "SE-T": "Örebro län",
  "SE-U": "Västmanlands län",
  "SE-W": "Dalarnas län",
  "SE-Y": "Västernorrlands län",
  "SE-Z": "Jämtlands län",
  "SG-02": "North East",
  "SG-04": "South East",
  "SH-AC": "Ascension",
  "SH-SH": "SH-SH",
  "SI-012": "Cerklje na Gorenjskem",
  "SK-BC": "Banskobystrický kraj",
  "SK-BL": "Bratislavský kraj",
  "SK-KI": "Košický kraj",
  "SK-PV": "Prešovský kraj",
  "SL-N": "Northern",
  "SL-S": "Southern",
  "SN-DK": "Dakar",
  "SN-ZG": "Ziguinchor",
  "SO-BN": "Banaadir",
  "SO-BR": "Bari",
  "SO-HI": "Hiiraan",
  "SO-MU": "Mudug",
  "SO-NU": "Nugaal",
  "SO-SH": "Shabeellaha Hoose",
  "SO-WO": "Woqooyi Galbeed",
  "SR-BR": "Brokopondo",
  "SR-MA": "Marowijne",
  "SR-NI": "Nickerie",
  "SR-PM": "Paramaribo",
  "SR-PR": "Para",
  "SR-SI": "Sipaliwini",
  "SS-EC": "Central Equatoria",
  "ST-01": "ST-01",
  "ST-P": "Príncipe",
  "SV-PA": "La Paz",
  "SV-SS": "San Salvador",
  "SX-U-A": "SX-U-A",
  "SY-DI": "Dimashq",
  "SY-HA": "Al Ḩasakah",
  "SY-HL": "Ḩalab",
  "SZ-LU": "Lubombo",
  "TC-GT": "TC-GT",
  "TC-NC": "TC-NC",
  "TC-PR": "TC-PR",
  "TC-SC": "TC-SC",
  "TC-SL": "TC-SL",
  "TD-ND": "Madīnat Injamīnā",
  "TD-OD": "Ouaddaï",
  "TG-M": "Maritime",
  "TH-10": "Krung Thep Maha Nakhon",
  "TH-21": "Rayong",
  "TH-23": "Trat",
  "TH-31": "Buri Ram",
  "TH-32": "Surin",
  "TH-34": "Ubon Ratchathani",
  "TH-40": "Khon Kaen",
  "TH-41": "Udon Thani",
  "TH-42": "Loei",
  "TH-45": "Roi Et",
  "TH-47": "Sakon Nakhon",
  "TH-48": "Nakhon Phanom",
  "TH-50": "Chiang Mai",
  "TH-51": "Lamphun",
  "TH-52": "Lampang",
  "TH-55": "Nan",
  "TH-57": "Chiang Rai",
  "TH-58": "Mae Hong Son",
  "TH-63": "Tak",
  "TH-64": "Sukhothai",
  "TH-65": "Phitsanulok",
  "TH-67": "Phetchabun",
  "TH-76": "Phetchaburi",
  "TH-80": "Nakhon Si Thammarat",
  "TH-81": "Krabi",
  "TH-83": "Phuket",
  "TH-84": "Surat Thani",
  "TH-85": "Ranong",
  "TH-86": "Chumphon",
  "TH-90": "Songkhla",
  "TH-92": "Trang",
  "TH-96": "Narathiwat",
  "TJ-DU": "Dushanbe",
  "TJ-KT": "Khatlon",
  "TJ-SU": "Sughd",
  "TL-DI": "Díli",
  "TM-B": "Balkan",
  "TM-D": "Daşoguz",
  "TM-L": "Lebap",
  "TM-M": "Mary",
  "TM-S": "Aşgabat",
  "TN-11": "Tunis",
  "TN-32": "Jendouba",
  "TN-51": "Sousse",
  "TN-52": "Monastir",
  "TN-61": "Sfax",
  "TN-71": "Gafsa",
  "TN-72": "Tozeur",
  "TN-81": "Gabès",
  "TN-82": "Medenine",
  "TO-01": "'Eua",
  "TO-02": "Ha'apai",
  "TO-03": "Niuas",
  "TO-04": "Tongatapu",
  "TO-05": "Vava'u",
  "TR-01": "Adana",
  "TR-02": "Adıyaman",
  "TR-04": "Ağrı",
  "TR-05": "Amasya",
  "TR-06": "Ankara",
  "TR-07": "Antalya",
  "TR-10": "Balıkesir",
  "TR-12": "Bingöl",
  "TR-16": "Bursa",
  "TR-17": "Çanakkale",
  "TR-20": "Denizli",
  "TR-21": "Diyarbakır",
  "TR-23": "Elazığ",
  "TR-24": "Erzincan",
  "TR-25": "Erzurum",
  "TR-26": "Eskişehir",
  "TR-27": "Gaziantep",
  "TR-30": "Hakkâri",
  "TR-31": "Hatay",
  "TR-32": "Isparta",
  "TR-33": "Mersin",
  "TR-34": "İstanbul",
  "TR-35": "İzmir",
  "TR-36": "Kars",
  "TR-38": "Kayseri",
  "TR-42": "Konya",
  "TR-43": "Kütahya",
  "TR-44": "Malatya",
  "TR-46": "Kahramanmaraş",
  "TR-47": "Mardin",
  "TR-48": "Muğla",
  "TR-49": "Muş",
  "TR-50": "Nevşehir",
  "TR-52": "Ordu",
  "TR-53": "Rize",
  "TR-55": "Samsun",
  "TR-57": "Sinop",
  "TR-58": "Sivas",
  "TR-59": "Tekirdağ",
  "TR-60": "Tokat",
  "TR-61": "Trabzon",
  "TR-63": "Şanlıurfa",
  "TR-65": "Van",
  "TR-67": "Zonguldak",
  "TR-72": "Batman",
  "TR-73": "Şırnak",
  "TR-76": "Iğdır",
  "TT-TOB": "TT-TOB",
  "TT-TUP": "Tunapuna-Piarco",
  "TV-FUN": "Funafuti",
  "TW-CYQ": "Chiayi",
  "TW-HUA": "Hualien",
  "TW-KHH": "Kaohsiung",
  "TW-PEN": "Penghu",
  "TW-PIF": "Pingtung",
  "TW-TAO": "Taoyuan",
  "TW-TNN": "Tainan",
  "TW-TPE": "Taipei",
  "TW-TTT": "Taitung",
  "TW-TXG": "Taichung",
  "TW-X-KM": "TW-X-KM",
  "TW-X-LK": "TW-X-LK",
  "TZ-01": "Arusha",
  "TZ-02": "Dar es Salaam",
  "TZ-03": "Dodoma",
  "TZ-05": "Kagera",
  "TZ-07": "Kaskazini Unguja",
  "TZ-08": "Kigoma",
  "TZ-13": "Mara",
  "TZ-14": "Mbeya",
  "TZ-17": "Mtwara",
  "TZ-18": "Mwanza",
  "TZ-19": "Coast",
  "TZ-22": "Shinyanga",
  "TZ-24": "Tabora",
  "TZ-25": "Tanga",
  "UA-09": "Luhanska oblast",
  "UA-12": "Dnipropetrovska oblast",
  "UA-14": "Donetska oblast",
  "UA-19": "UA-19",
  "UA-21": "Zakarpatska oblast",
  "UA-23": "Zaporizka oblast",
  "UA-26": "Ivano-Frankivska oblast",
  "UA-30": "Kyiv",
  "UA-32": "Kyivska oblast",
  "UA-43": "Avtonomna Respublika Krym",
  "UA-46": "Lvivska oblast",
  "UA-48": "Mykolaivska oblast",
  "UA-51": "Odeska oblast",
  "UA-63": "Kharkivska oblast",
  "UA-65": "Khersonska oblast",
  "UA-77": "Chernivetska oblast",
  "UG-C": "Central",
  "UG-E": "Eastern",
  "UG-N": "Northern",
  "UG-W": "Western",
  "UM-79": "Wake Island",
  "US-AK": "Alaska",
  "US-AL": "Alabama",
  "US-AR": "Arkansas",
  "US-AZ": "Arizona",
  "US-CA": "California",
  "US-CO": "Colorado",
  "US-CT": "Connecticut",
  "US-DC": "District of Columbia",
  "US-DE": "Delaware",
  "US-FL": "Florida",
  "US-GA": "Georgia",
  "US-HI": "Hawaii",
  "US-IA": "Iowa",
  "US-ID": "Idaho",
  "US-IL": "Illinois",
  "US-IN": "Indiana",
  "US-KS": "Kansas",
  "US-KY": "Kentucky",
  "US-LA": "Louisiana",
  "US-MA": "Massachusetts",
  "US-MD": "Maryland",
  "US-ME": "Maine",
  "US-MI": "Michigan",
  "US-MN": "Minnesota",
  "US-MO": "Missouri",
  "US-MS": "Mississippi",
  "US-MT": "Montana",
  "US-NC": "North Carolina",
  "US-ND": "North Dakota",
  "US-NE": "Nebraska",
  "US-NH": "New Hampshire",
  "US-NJ": "New Jersey",
  "US-NM": "New Mexico",
  "US-NV": "Nevada",
  "US-NY": "New York",
  "US-OH": "Ohio",
  "US-OK": "Oklahoma",
  "US-OR": "Oregon",
  "US-PA": "Pennsylvania",
  "US-RI": "Rhode Island",
  "US-SC": "South Carolina",
  "US-SD": "South Dakota",
  "US-TN": "Tennessee",
  "US-TX": "Texas",
  "US-UT": "Utah",
  "US-VA": "Virginia",
  "US-VT": "Vermont",
  "US-WA": "Washington",
  "US-WI": "Wisconsin",
  "US-WV": "West Virginia",
  "US-WY": "Wyoming",
  "UY-CA": "Canelones",
  "UY-MA": "Maldonado",
  "UZ-AN": "Andijon",
  "UZ-BU": "Buxoro",
  "UZ-FA": "Farg‘ona",
  "UZ-JI": "Jizzax",
  "UZ-NG": "Namangan",
  "UZ-NW": "Navoiy",
  "UZ-QA": "Qashqadaryo",
  "UZ-QR": "Qoraqalpog‘iston Respublikasi",
  "UZ-SA": "Samarqand",
  "UZ-SU": "Surxondaryo",
  "UZ-TO": "Toshkent",
  "UZ-XO": "Xorazm",
  "VC-04": "Saint George",
  "VC-06": "Grenadines",
  "VE-B": "Anzoátegui",
  "VE-E": "Barinas",
  "VE-F": "Bolívar",
  "VE-G": "Carabobo",
  "VE-I": "Falcón",
  "VE-K": "Lara",
  "VE-L": "Mérida",
  "VE-N": "Monagas",
  "VE-O": "Nueva Esparta",
  "VE-R": "Sucre",
  "VE-S": "Táchira",
  "VE-T": "Trujillo",
  "VE-V": "Zulia",
  "VE-W": "Dependencias Federales",
  "VE-X": "Vargas",
  "VG-U-A": "VG-U-A",
  "VI-SC": "VI-SC",
  "VI-ST": "VI-ST",
  "VN-CH": "VN-CH",
  "VN-NC": "VN-NC",
  "VN-NE": "VN-NE",
  "VN-NW": "VN-NW",
  "VN-RRD": "VN-RRD",
  "VN-SCC": "VN-SCC",
  "VN-SE": "Ho Chi Minh City",
  "VN-SW": "VN-SW",
  "VN-U-A": "VN-U-A",
  "VU-MAP": "Malampa",
  "VU-PAM": "Pénama",
  "VU-SAM": "Sanma",
  "VU-SEE": "Shéfa",
  "VU-TAE": "Taféa",
  "VU-TOB": "Torba",
  "WF-U-A": "WF-U-A",
  "WS-AA": "A'ana",
  "XK-01": "XK-01",
  "XP-U-A": "XP-U-A",
  "YE-AD": "'Adan",
  "YE-HD": "Ḩaḑramawt",
  "YE-HU": "Al Ḩudaydah",
  "YE-MR": "Al Mahrah",
  "YE-SA": "Amānat al ‘Āşimah",
  "YE-SU": "YE-SU",
  "YE-TA": "Tāʻizz",
  "YT-U-A": "YT-U-A",
  "ZA-EC": "Eastern Cape",
  "ZA-FS": "Foreisetata",
  "ZA-GT": "Gauteng",
  "ZA-MP": "iMpumalanga",
  "ZA-NC": "iTlhagwini-Kapa",
  "ZA-NL": "GaZulu-Natala",
  "ZA-NP": "ZA-NP",
  "ZA-NW": "Bokone Bophirima",
  "ZA-WC": "iTjhingalanga-Kapa",
  "ZM-03": "Eastern",
  "ZM-05": "Northern",
  "ZM-06": "North-Western",
  "ZM-07": "Southern",
  "ZM-08": "Copperbelt",
  "ZM-09": "Lusaka",
  "ZW-BU": "Bulawayo",
  "ZW-HA": "Harare",
  "ZW-MN": "Matabeleland North"
}